{"projectIDs":[2016408241241,2212150915035,2088663838964,2544060804901,2040465033391,1917239794140,2441457904587,2148640695658,1899266219911,1826876930143,2059503952877,1970858634252,1736638634845,1625165734723,2215449375557,2057332958131,2460070994946,1664699650031,1771743381799,2144364146655,1701585435703,2594684545891],"preferences":{"entries":{"reconciliation.standardServices":[{"name":"Wikidata (en)","view":{"url":"https://www.wikidata.org/wiki/{{id}}"},"identifierSpace":"http://www.wikidata.org/entity/","schemaSpace":"http://www.wikidata.org/prop/direct/","suggest":{"type":{"service_url":"https://wdreconcile.toolforge.org","service_path":"/en/suggest/type","flyout_service_path":"/en/flyout/type?id=${id}"},"property":{"service_url":"https://wdreconcile.toolforge.org","service_path":"/en/suggest/property","flyout_service_path":"/en/flyout/property?id=${id}"},"entity":{"service_url":"https://wdreconcile.toolforge.org","service_path":"/en/suggest/entity","flyout_service_path":"/en/flyout/entity?id=${id}"}},"preview":{"url":"https://wdreconcile.toolforge.org/en/preview?id={{id}}","width":400,"height":100},"defaultTypes":[{"id":"Q35120","name":"entity"}],"extend":{"propose_properties":{"service_url":"https://wdreconcile.toolforge.org","service_path":"/en/propose_properties"},"property_settings":[{"name":"limit","label":"Limit","help_text":"Maximum number of values to return per row (0 for no limit)","type":"number","default":0},{"name":"rank","label":"Ranks","help_text":"Filter statements by rank","type":"select","default":"best","choices":[{"value":"any","name":"Any rank"},{"value":"best","name":"Only the best rank"},{"value":"no_deprecated","name":"Preferred and normal ranks"}]},{"name":"references","label":"References","help_text":"Filter statements by their references","type":"select","default":"any","choices":[{"value":"any","name":"Any statement"},{"value":"referenced","name":"At least one reference"},{"value":"no_wiki","name":"At least one non-wiki reference"}]},{"name":"count","label":"Return counts instead of values","help_text":"The number of values will be returned.","type":"checkbox","default":false}]},"url":"https://wdreconcile.toolforge.org/en/api","ui":{"handler":"ReconStandardServicePanel","access":"json"}}],"ui.browsing.listFacet.limit":100000,"scripting.starred-expressions":{"top":2147483647,"list":[],"class":"com.google.refine.preference.TopList"},"scripting.expressions":{"top":100,"list":["jython:return str(value).split(\"T\")[0]","jython:return cells[\"Column 18\"].value","jython:if cells[\"Column 18\"].value:\n return value + \";\" + cells[\"Column 18\"].value","grel:cells[\"Common Name\"].value","grel:cells[\"QUOTE_TRANSCRIPTION\"].cross('Geocoded Places','QUOTE_TRANSCRIPTION').cells['Common Name'].value[0]","grel:cell.cross('Geocoded Places','QUOTE_TRANSCRIPTION').cells['Common Name'].value","grel:cell.cross('Geocoded Places','QUOTE_TRANSCRIPTION').cells['Common Name'].value[0]","grel:cell.cross('Geocoded Places','QUOTE_TRANSCRIPTION').cells['Long'].value[0]","grel:cell.cross('Geocoded Places','QUOTE_TRANSCRIPTION').cells['Lat'].value[0]","jython:if \"Given at\" in cells[\"TAGS\"].value:\n return \"Given at\"\nelif \"Nominative\" in cells[\"TAGS\"].value:\n return \"Nominative\"\nelif \"Principal\" in cells[\"TAGS\"].value:\n return \"Principal\"\nelif \"Witness\" in cells[\"TAGS\"].value:\n return \"Witness\"\nelif \"Scribe\" in cells[\"TAGS\"].value:\n return \"Scribe\"","jython:if \"Collective\" in value:\n return \"Collective\"\nelif \"Office\" in value:\n return \"Office\"\nelse:\n return \"\"","jython:return \"\"","grel:cell.cross('HCM Doc Info', 'num').cells['Date (Std)'].value[0]","jython:return \"HCM \"+value","jython:return value","grel:cell.cross('Handlist Doc Info', 'RBLR').cells['Date (Std)'].value[0]","jython:return \"RBLR \"+value","jython:return True","jython:list = ['23','1732','28','1733','61','2872','2873','203','218','553','17','1722','12','13','14','117','26','27','33','35','4','1034','1024','1001','1015','1009','1025','1043','1045','1046','1048','2724','1037','1005','1011','1028','1031','1030','1019','1013','1021','1040','1041','1004','1012','1020','1042','1006','1016','2602','1008','1010','1003','1026','1044','1023','41','1002','1007','1036','1018','1035','2677','39','1032','1038','1017','1029','1039','1047','1022','1014','1027','1033','34','25','1372','29','1051','1375','2165','2089a','2089b','2087','1068','1069','1070','3163','1071','1377','1378','360','1925','1072','3191','2927','2690','1448a','1448b']\n\nif value.replace(\"HCM \",\"\") in list:\n return True\n\nelse: \n return False","grel:cells[\"Common Name\"].cross('Geocoded Places','QUOTE_TRANSCRIPTION').cells['Common Name'].value[0]","grel:cell.cross('Geocoded Places','Common Name').cells['Lat'].value[0]","jython:import random\n\nyear = str(random.randrange(1300,1400))\nmonth = str(random.randrange(1,12))\nday = str(random.randrange(1, 28))\n\nreturn '-'.join([year,month,day])","jython:return \"No MS Witnesses\"","jython:return \"DIMEV \"+ value","jython:if \"[\" in value:\n pieces = value.split(\"||\")\n return pieces[len(pieces)-1]","jython:search = \"Versification:\"\nif search in value:\n  return value[value.find(search)+len(search):].split(\"||\")[0].strip()","jython:search = \"Note:\"\nif search in value:\n  return value[value.find(search)+len(search):].split(\"||\")[0].strip()","jython:search = \"Author(s):\"\nif search in value:\n  return value[value.find(search)+len(search):].split(\"||\")[0].strip()","jython:search = \"Subjects:\"\nif search in value:\n  return value[value.find(search)+len(search):].split(\"||\")[0].strip()","jython:search = \"Title(s):\"\nif search in value:\n  return value[value.find(search)+len(search):].split(\"||\")[0]","jython:search = \"Title(s):\"\nif search in value:\n  return value[value.find(search)+len(search):].split(\"||\")[0].strip()","grel:value+cells[\"QUOTE_TRANSCRIPTION\"].value","jython:if \"Material feature\" in cells[\"TAGS\"].value:\n  return value","jython:if \"Material feature\" in value:\n return cells[\"QUOTE_TRANSCRIPTION\"].value","grel:value","grel:cells[\"Common Name\"].value+cells[\"Document Number\"]","grel:cells[\"Common Name\"].value+cells[\"Document Number\"].value+cells[\"TAGS\"].value","grel:value+cells[\"Document Number\"].value+value+cells[\"TAGS\"]","grel:value.replace(\"_\", \" \").replace(\".txt\",\"\")","grel:cell.cross(\"Handlist Jobs\", \"target_id\").cells[\"source\"].value[0]","grel:return cell.cross('handlist jobs', 'target_id').cells['source'].value[0]","jython:return cell.cross('handlist jobs', 'target_id').cells['source'].value[0]","jython:return cells[\"source_id_temp\"].value","jython:return cells[\"target_id\"].value","jython:return cells[\"target_new\"].value","jython:return cells[\"target\"].value","jython:return \"Richard Swinfield\"","jython:return row.record.cells['Common Name'].value.count(value)","jython:return 12","jython:return 13","jython:return 15","jython:return 18","jython:return 19","jython:return 26","jython:return 123","jython:return 126","jython:return cells[\"QUOTE_TRANSCRIPTION\"].value","grel:cell.cross('hcm_entities_all csv','Document Number').cells['Doc_year'].value[0]","grel:value+cells[\"Document Number\"].value+cells[\"TAGS\"].value","grel:value+cells[\"TAGS\"].value+cells[\"COMMENTS\"].value","grel:value+cells[\"Role\"].value","grel:cells[\"Common Name\"].value + cells[\"Document Number\"].value","jython:return \"Document Property\"","jython:return \"PLACE\"","jython:return \"PERSON\"","jython:if \"Natural feature\" in cells[\"TAGS\"].value:\n return \"Natural feature\"\n\nelif \"Property\" in cells[\"TAGS\"].value:\n return \"Property\"\n\nelif \"Street\" in cells[\"TAGS\"].value:\n return \"Street\"\n\nelif \"Landmark\" in cells[\"TAGS\"].value:\n return \"Landmark\"\n\nelse:\n return value","jython:if \"Landmark\" in cells[\"TAGS\"].value:\n return value+\"Landmark\"\n\nif \"Natural feature\" in cells[\"TAGS\"].value:\n return value+\"Natural feature\"\n\nif \"Property\" in cells[\"TAGS\"].value:\n return value+\"Property\"\n\nelse:\n return value","jython:if \"Street\" in cells[\"TAGS\"].value:\n return \"Street\"\nelse: \n return value","jython:if \"Building\" in cells[\"TAGS\"].value:\n return \"Building\"\nelse: \n return value","jython:return \"Nominative\"","jython:if \"Principal\" in cells[\"TAGS\"].value:\n return \"Principal\"","jython:if \"Witness\" in cells[\"TAGS\"].value:\n return \"Witness\"\nif \"Given at\" in cells[\"TAGS\"].value:\n return \"Given at\"","jython:if \"Witness\" in cells[\"TAGS\"].value:\n return \"Witness\"","jython:if \"Witness\" in cells[\"TAGS\"].value:\n return 1","jython:if \"Witness\" in cells[\"TAGS\"].value:\n return value+\"Witness\"","jython:if \"Given at\" in cells[\"TAGS\"].value:\n return \"Given at\"","jython:if \"Language\" in cells[\"TAGS\"].value:\n  return \"Document Property\"\nif \"Material feature\" in cells[\"TAGS\"].value:\n  return \"Document Property\"","grel:value.replace(\"_\", \" \").replace(\".txt\", \"\")","jython:return value+\"/7\"","jython:return \"1310\"","jython:return value+\"/6\"","jython:return value+\"/8\"","jython:return 1317","jython:return \"circa 1310\"","jython:return \"1305/6\"","jython:return \"1st half of 14th cent.\"","jython:return \"1318-1324\"","jython:return \"circa 1317\"","jython:return \"1312/3\"","jython:return \"1312\"","jython:return \"1315/6\"","jython:return \"1304/5\"","jython:return \"1311/2\"","jython:return \"1317/8\"","jython:return \"1306/7\"","jython:return \"1310/11\"","jython:return \"1307\"","jython:return \"1307/8\"","jython:return \"circa 1309\"","jython:return \"circa 1314\""],"class":"com.google.refine.preference.TopList"}}}}