{"created":"2021-04-01T00:19:12Z","modified":"2021-04-01T17:58:50Z","name":"hcm_places_doc_rel","password":"","encoding":"UTF-8","encodingConfidence":0,"tags":[],"creator":"","contributors":"","subject":"","description":"","rowCount":1209,"title":"","version":"","license":"","homepage":"","image":"","importOptionMetadata":[{"encoding":"UTF-8","separator":"\\t","ignoreLines":-1,"headerLines":1,"skipDataLines":0,"limit":-1,"storeBlankRows":true,"guessCellValueTypes":false,"processQuotes":true,"quoteCharacter":"\"","storeBlankCellsAsNulls":true,"includeFileSources":false,"trimStrings":true,"projectName":"hcm_places_nodes","projectTags":[""],"fileSource":"hcm_places.tsv"}],"customMetadata":{},"preferences":{"entries":{"scripting.starred-expressions":{"top":2147483647,"list":[],"class":"com.google.refine.preference.TopList"},"scripting.expressions":{"top":100,"list":[],"class":"com.google.refine.preference.TopList"}}}}