{"created":"2021-04-05T22:32:01Z","modified":"2021-04-05T22:38:58Z","name":"HCM - All Entities - Nodes","password":"","encoding":"UTF-8","encodingConfidence":0,"tags":[],"creator":"","contributors":"","subject":"","description":"","rowCount":1060,"title":"","version":"","license":"","homepage":"","image":"","importOptionMetadata":[{"encoding":"","separator":"\\t","ignoreLines":-1,"headerLines":1,"skipDataLines":0,"limit":-1,"storeBlankRows":true,"guessCellValueTypes":false,"processQuotes":true,"quoteCharacter":"\"","storeBlankCellsAsNulls":true,"includeFileSources":false,"trimStrings":true,"projectName":"HCM - All Entities - Nodes","projectTags":[""],"fileSource":"(clipboard)"}],"customMetadata":{},"preferences":{"entries":{"scripting.starred-expressions":{"top":2147483647,"list":[],"class":"com.google.refine.preference.TopList"},"scripting.expressions":{"top":100,"list":[],"class":"com.google.refine.preference.TopList"}}}}