{"created":"2021-04-07T20:44:02Z","modified":"2021-04-13T14:47:24Z","name":"Place Names","password":"","encoding":"UTF-8","encodingConfidence":0,"tags":["AML"],"creator":"","contributors":"","subject":"","description":"","rowCount":723,"title":"","version":"","license":"","homepage":"","image":"","importOptionMetadata":[{"encoding":"","separator":"\\t","ignoreLines":-1,"headerLines":1,"skipDataLines":0,"limit":-1,"storeBlankRows":true,"guessCellValueTypes":false,"processQuotes":true,"quoteCharacter":"\"","storeBlankCellsAsNulls":true,"includeFileSources":false,"trimStrings":true,"projectName":"Place Names","projectTags":[""],"fileSource":"(clipboard)"}],"customMetadata":{},"preferences":{"entries":{"scripting.starred-expressions":{"top":2147483647,"list":[],"class":"com.google.refine.preference.TopList"},"scripting.expressions":{"top":100,"list":[],"class":"com.google.refine.preference.TopList"}}}}