{"created":"2021-04-10T03:12:12Z","modified":"2021-04-11T22:04:34Z","name":"DIMEV - Edges","password":"","encoding":"UTF-8","encodingConfidence":0,"tags":[],"creator":"","contributors":"","subject":"","description":"","rowCount":18474,"title":"","version":"","license":"","homepage":"","image":"","importOptionMetadata":[{"encoding":"UTF-8","separator":"\\t","ignoreLines":-1,"headerLines":0,"skipDataLines":0,"limit":-1,"storeBlankRows":true,"guessCellValueTypes":false,"processQuotes":true,"quoteCharacter":"\"","storeBlankCellsAsNulls":true,"includeFileSources":false,"trimStrings":true,"projectName":"DIMEV","projectTags":[""],"fileSource":"out.tsv"}],"customMetadata":{},"preferences":{"entries":{"scripting.starred-expressions":{"top":2147483647,"list":[],"class":"com.google.refine.preference.TopList"},"scripting.expressions":{"top":100,"list":[],"class":"com.google.refine.preference.TopList"},"exporters.templating.template":"{\"template\":\"{{jsonize(cells[\\\"Witnesses\\\"].value)}}:{{jsonize(cells[\\\"DIMEV\\\"].value.split(\\\", \\\"))}}\",\"prefix\":\"{\\r\\n\",\"suffix\":\"\\r\\n}\",\"separator\":\",\\r\\n\"}"}}}