{"created":"2021-03-31T22:30:29Z","modified":"2021-04-07T19:52:53Z","name":"hcm_doc_features tsv","password":"","encoding":"US-ASCII","encodingConfidence":0,"tags":[],"creator":"","contributors":"","subject":"","description":"","rowCount":211,"title":"","version":"","license":"","homepage":"","image":"","importOptionMetadata":[{"encoding":"US-ASCII","separator":"\\t","ignoreLines":-1,"headerLines":1,"skipDataLines":0,"limit":-1,"storeBlankRows":true,"guessCellValueTypes":false,"processQuotes":true,"quoteCharacter":"\"","storeBlankCellsAsNulls":true,"includeFileSources":false,"trimStrings":true,"projectName":"hcm_doc_features tsv","projectTags":[""],"fileSource":"hcm_doc_features.tsv"}],"customMetadata":{},"preferences":{"entries":{"scripting.starred-expressions":{"top":2147483647,"list":[],"class":"com.google.refine.preference.TopList"},"scripting.expressions":{"top":100,"list":[],"class":"com.google.refine.preference.TopList"}}}}