{"created":"2021-03-31T20:37:57Z","modified":"2021-03-31T22:37:42Z","name":"hcm_relationships_all csv","password":"","encoding":"UTF-8","encodingConfidence":0,"tags":[],"creator":"","contributors":"","subject":"","description":"","rowCount":657,"title":"","version":"","license":"","homepage":"","image":"","importOptionMetadata":[{"encoding":"UTF-8","separator":",","ignoreLines":-1,"headerLines":1,"skipDataLines":0,"limit":-1,"storeBlankRows":true,"guessCellValueTypes":false,"processQuotes":true,"quoteCharacter":"\"","storeBlankCellsAsNulls":true,"includeFileSources":false,"trimStrings":true,"projectName":"hcm_relationships_all csv","projectTags":[""],"fileSource":"hcm_relationships_all.csv"}],"customMetadata":{},"preferences":{"entries":{"scripting.starred-expressions":{"top":2147483647,"list":[],"class":"com.google.refine.preference.TopList"},"scripting.expressions":{"top":100,"list":[],"class":"com.google.refine.preference.TopList"}}}}