{"created":"2021-04-05T16:41:23Z","modified":"2021-04-05T22:07:22Z","name":"HCM All Entries merge doc numbers tsv","password":"","encoding":"UTF-8","encodingConfidence":0,"tags":[],"creator":"","contributors":"","subject":"","description":"","rowCount":1980,"title":"","version":"","license":"","homepage":"","image":"","importOptionMetadata":[{"encoding":"UTF-8","separator":"\\t","ignoreLines":-1,"headerLines":1,"skipDataLines":0,"limit":-1,"storeBlankRows":true,"guessCellValueTypes":false,"processQuotes":true,"quoteCharacter":"\"","storeBlankCellsAsNulls":true,"includeFileSources":false,"trimStrings":true,"projectName":"HCM All Entries merge doc numbers tsv","projectTags":[""],"fileSource":"HCM-All-Entries merge doc numbers.tsv"}],"customMetadata":{},"preferences":{"entries":{"scripting.starred-expressions":{"top":2147483647,"list":[],"class":"com.google.refine.preference.TopList"},"scripting.expressions":{"top":100,"list":[],"class":"com.google.refine.preference.TopList"}}}}