{"created":"2021-04-07T18:21:00Z","modified":"2021-04-15T17:55:34Z","name":"Handlist - All Entities","password":"","encoding":"UTF-8","encodingConfidence":0,"tags":["AML"],"creator":"","contributors":"","subject":"","description":"","rowCount":2068,"title":"","version":"","license":"","homepage":"","image":"","importOptionMetadata":[{"encoding":"UTF-8","separator":",","ignoreLines":-1,"headerLines":1,"skipDataLines":0,"limit":-1,"storeBlankRows":true,"guessCellValueTypes":false,"processQuotes":true,"quoteCharacter":"\"","storeBlankCellsAsNulls":true,"includeFileSources":false,"trimStrings":true,"projectName":"Handlist - All Entities","projectTags":[""],"fileSource":"handlist_entities_all.csv"}],"customMetadata":{},"preferences":{"entries":{"scripting.starred-expressions":{"top":2147483647,"list":[],"class":"com.google.refine.preference.TopList"},"scripting.expressions":{"top":100,"list":[],"class":"com.google.refine.preference.TopList"}}}}