{"created":"2021-04-07T18:25:49Z","modified":"2021-04-07T18:42:59Z","name":"Handlist Jobs","password":"","encoding":"US-ASCII","encodingConfidence":0,"tags":[],"creator":"","contributors":"","subject":"","description":"","rowCount":98,"title":"","version":"","license":"","homepage":"","image":"","importOptionMetadata":[{"encoding":"US-ASCII","separator":"\\t","ignoreLines":-1,"headerLines":1,"skipDataLines":0,"limit":-1,"storeBlankRows":true,"guessCellValueTypes":false,"processQuotes":true,"quoteCharacter":"\"","storeBlankCellsAsNulls":true,"includeFileSources":false,"trimStrings":true,"projectName":"handlist jobs","projectTags":[""],"fileSource":"handlist_relationship_all-csv.tsv"}],"customMetadata":{},"preferences":{"entries":{"scripting.starred-expressions":{"top":2147483647,"list":[],"class":"com.google.refine.preference.TopList"},"scripting.expressions":{"top":100,"list":[],"class":"com.google.refine.preference.TopList"}}}}