{"created":"2021-04-07T18:12:25Z","modified":"2021-04-07T18:25:13Z","name":"handlist_relationship_all csv","password":"","encoding":"US-ASCII","encodingConfidence":0,"tags":[],"creator":"","contributors":"","subject":"","description":"","rowCount":157,"title":"","version":"","license":"","homepage":"","image":"","importOptionMetadata":[{"encoding":"US-ASCII","separator":",","ignoreLines":-1,"headerLines":1,"skipDataLines":0,"limit":-1,"storeBlankRows":true,"guessCellValueTypes":false,"processQuotes":true,"quoteCharacter":"\"","storeBlankCellsAsNulls":true,"includeFileSources":false,"trimStrings":true,"projectName":"handlist_relationship_all csv","projectTags":[""],"fileSource":"handlist_relationship_all.csv"}],"customMetadata":{},"preferences":{"entries":{"scripting.starred-expressions":{"top":2147483647,"list":[],"class":"com.google.refine.preference.TopList"},"scripting.expressions":{"top":100,"list":[],"class":"com.google.refine.preference.TopList"}}}}