{"created":"2021-04-07T19:53:19Z","modified":"2021-04-14T17:07:24Z","name":"Handlist Doc Features","password":"","encoding":"UTF-8","encodingConfidence":0,"tags":[],"creator":"","contributors":"","subject":"","description":"","rowCount":2069,"title":"","version":"","license":"","homepage":"","image":"","importOptionMetadata":[{"encoding":"UTF-8","separator":"\\t","ignoreLines":-1,"headerLines":1,"skipDataLines":0,"limit":-1,"storeBlankRows":true,"guessCellValueTypes":false,"processQuotes":true,"quoteCharacter":"\"","storeBlankCellsAsNulls":true,"includeFileSources":false,"trimStrings":true,"projectName":"Handlist Doc Features","projectTags":[""],"fileSource":"Handlist-All-Entities(1).tsv"}],"customMetadata":{},"preferences":{"entries":{"scripting.starred-expressions":{"top":2147483647,"list":[],"class":"com.google.refine.preference.TopList"},"scripting.expressions":{"top":100,"list":[],"class":"com.google.refine.preference.TopList"}}}}