{"created":"2021-04-15T17:06:46Z","modified":"2021-04-15T17:07:55Z","name":"Handlist Doc Info","password":"","encoding":"US-ASCII","encodingConfidence":0,"tags":["AML"],"creator":"","contributors":"","subject":"","description":"","rowCount":345,"title":"","version":"","license":"","homepage":"","image":"","importOptionMetadata":[{"encoding":"US-ASCII","separator":",","ignoreLines":-1,"headerLines":1,"skipDataLines":0,"limit":-1,"storeBlankRows":true,"guessCellValueTypes":false,"processQuotes":true,"quoteCharacter":"\"","storeBlankCellsAsNulls":true,"includeFileSources":false,"trimStrings":true,"projectName":"Handlist Doc Info","projectTags":["AML"],"fileSource":"RBLR Handlist - Full List.csv"}],"customMetadata":{},"preferences":{"entries":{"scripting.starred-expressions":{"top":2147483647,"list":[],"class":"com.google.refine.preference.TopList"},"scripting.expressions":{"top":100,"list":[],"class":"com.google.refine.preference.TopList"}}}}