{"created":"2021-04-15T17:18:16Z","modified":"2021-04-15T17:30:45Z","name":"HCM Doc Info","password":"","encoding":"UTF-8","encodingConfidence":0,"tags":["AML"],"creator":"","contributors":"","subject":"","description":"","rowCount":216,"title":"","version":"","license":"","homepage":"","image":"","importOptionMetadata":[{"encoding":"UTF-8","separator":",","ignoreLines":-1,"headerLines":1,"skipDataLines":0,"limit":-1,"storeBlankRows":true,"guessCellValueTypes":false,"processQuotes":true,"quoteCharacter":"\"","storeBlankCellsAsNulls":true,"includeFileSources":false,"trimStrings":true,"projectName":"HCM Doc Info","projectTags":["AML"],"fileSource":"HCM Segmentation - Sheet3.csv"}],"customMetadata":{},"preferences":{"entries":{"scripting.starred-expressions":{"top":2147483647,"list":[],"class":"com.google.refine.preference.TopList"},"scripting.expressions":{"top":100,"list":[],"class":"com.google.refine.preference.TopList"}}}}