{"created":"2021-04-15T17:58:25Z","modified":"2021-04-19T16:51:02Z","name":"ALL ENTITIES (Handlist & HCM)","password":"","encoding":"UTF-8","encodingConfidence":0,"tags":["AML"],"creator":"","contributors":"","subject":"","description":"","rowCount":4048,"title":"","version":"","license":"","homepage":"","image":"","importOptionMetadata":[{"encoding":"UTF-8","separator":"\\t","ignoreLines":-1,"headerLines":1,"skipDataLines":0,"limit":-1,"storeBlankRows":true,"guessCellValueTypes":false,"processQuotes":true,"quoteCharacter":"\"","storeBlankCellsAsNulls":true,"includeFileSources":false,"trimStrings":true,"projectName":"ALL ENTITIES (Handlist & HCM)","projectTags":["AML"],"fileSource":"ALL ENTITIES.txt"}],"customMetadata":{},"preferences":{"entries":{"scripting.starred-expressions":{"top":2147483647,"list":[],"class":"com.google.refine.preference.TopList"},"scripting.expressions":{"top":100,"list":[],"class":"com.google.refine.preference.TopList"}}}}